orders_id,order_status,order_date,required_date,shipped_date,customer_id
1,4,1/1/16,1/3/16,1/3/16,259
2,4,1/1/16,1/4/16,1/3/16,1212
3,4,1/2/16,1/5/16,1/3/16,523
4,4,1/3/16,1/4/16,1/5/16,175
5,4,1/3/16,1/6/16,1/6/16,1324
6,4,1/4/16,1/7/16,1/5/16,94
7,4,1/4/16,1/7/16,1/5/16,324
8,4,1/4/16,1/5/16,1/5/16,1204
9,4,1/5/16,1/8/16,1/8/16,60
10,4,1/5/16,1/6/16,1/6/16,442
11,4,1/5/16,1/8/16,1/7/16,1326
12,4,1/6/16,1/8/16,1/9/16,91
13,4,1/8/16,1/11/16,1/11/16,873
14,4,1/9/16,1/11/16,1/12/16,258
15,4,1/9/16,1/10/16,1/12/16,450
16,4,1/12/16,1/15/16,1/15/16,552
17,4,1/12/16,1/14/16,1/14/16,1175
18,4,1/14/16,1/17/16,1/15/16,541
19,4,1/14/16,1/17/16,1/16/16,696
20,4,1/14/16,1/16/16,1/17/16,923
21,4,1/15/16,1/16/16,1/18/16,1250
22,4,1/16/16,1/18/16,1/17/16,1035
23,4,1/16/16,1/19/16,1/19/16,1149
24,4,1/18/16,1/20/16,1/19/16,636
25,4,1/18/16,1/21/16,1/21/16,657
26,4,1/18/16,1/21/16,1/19/16,1280
27,4,1/19/16,1/21/16,1/20/16,57
28,4,1/19/16,1/20/16,1/21/16,252
29,4,1/20/16,1/22/16,1/21/16,437
30,4,1/20/16,1/21/16,1/21/16,1348
31,4,1/20/16,1/22/16,1/22/16,1238
32,4,1/21/16,1/24/16,1/22/16,1259
33,4,1/21/16,1/22/16,1/22/16,236
34,4,1/22/16,1/25/16,1/23/16,80
35,4,1/22/16,1/25/16,1/24/16,813
36,4,1/23/16,1/24/16,1/24/16,1321
37,4,1/25/16,1/28/16,1/26/16,164
38,4,1/25/16,1/27/16,1/26/16,583
39,4,1/25/16,1/26/16,1/26/16,1296
40,4,1/27/16,1/28/16,1/29/16,348
41,4,1/27/16,1/30/16,1/29/16,979
42,4,1/27/16,1/28/16,1/30/16,1095
43,4,1/27/16,1/28/16,1/30/16,1434
44,4,1/28/16,1/31/16,1/30/16,861
45,4,1/28/16,1/31/16,1/31/16,1220
46,4,1/29/16,1/31/16,1/31/16,746
47,4,1/29/16,1/30/16,1/31/16,1234
48,4,1/30/16,2/1/16,2/2/16,1012
49,4,1/31/16,2/1/16,2/2/16,608
50,4,1/31/16,2/3/16,2/2/16,872
51,4,2/1/16,2/2/16,2/3/16,1047
52,4,2/3/16,2/4/16,2/5/16,767
53,4,2/3/16,2/4/16,2/5/16,965
54,4,2/4/16,2/7/16,2/7/16,535
55,4,2/4/16,2/7/16,2/6/16,1173
56,4,2/4/16,2/6/16,2/7/16,1241
57,4,2/4/16,2/6/16,2/6/16,1305
58,4,2/5/16,2/7/16,2/7/16,504
59,4,2/5/16,2/7/16,2/6/16,563
60,4,2/6/16,2/8/16,2/7/16,151
61,4,2/6/16,2/9/16,2/9/16,277
62,4,2/7/16,2/10/16,2/10/16,208
63,4,2/7/16,2/9/16,2/9/16,1075
64,4,2/7/16,2/8/16,2/9/16,1185
65,4,2/8/16,2/9/16,2/11/16,996
66,4,2/9/16,2/12/16,2/12/16,1253
67,4,2/9/16,2/11/16,2/10/16,526
68,4,2/10/16,2/11/16,2/13/16,381
69,4,2/10/16,2/12/16,2/11/16,1413
70,3,2/11/16,2/11/16,NULL,50
71,4,2/11/16,2/14/16,2/12/16,797
72,4,2/12/16,2/15/16,2/13/16,1386
73,4,2/12/16,2/15/16,2/14/16,612
74,4,2/13/16,2/15/16,2/15/16,264
75,4,2/14/16,2/15/16,2/17/16,587
76,3,2/16/16,2/16/16,NULL,9
77,4,2/16/16,2/19/16,2/19/16,385
78,4,2/16/16,2/18/16,2/19/16,1182
79,4,2/17/16,2/20/16,2/20/16,529
80,4,2/17/16,2/20/16,2/19/16,397
81,4,2/17/16,2/19/16,2/18/16,521
82,4,2/18/16,2/21/16,2/20/16,1223
83,4,2/19/16,2/20/16,2/20/16,393
84,4,2/20/16,2/22/16,2/21/16,317
85,4,2/20/16,2/23/16,2/21/16,1174
86,4,2/21/16,2/22/16,2/23/16,276
87,4,2/21/16,2/22/16,2/23/16,516
88,4,2/21/16,2/22/16,2/23/16,1069
89,4,2/21/16,2/24/16,2/24/16,668
90,4,2/23/16,2/25/16,2/24/16,414
91,4,2/25/16,2/27/16,2/28/16,648
92,4,2/25/16,2/28/16,2/28/16,1309
93,4,2/26/16,2/28/16,2/27/16,1328
94,4,2/27/16,2/28/16,2/29/16,929
95,4,2/27/16,2/29/16,2/28/16,218
96,4,2/27/16,2/29/16,2/28/16,1094
97,4,2/28/16,2/29/16,3/1/16,204
98,4,2/28/16,2/29/16,2/29/16,1194
99,4,2/29/16,3/1/16,3/3/16,1165
100,4,3/1/16,3/4/16,3/3/16,1237
101,4,3/1/16,3/4/16,3/4/16,271
102,4,3/2/16,3/5/16,3/3/16,336
103,4,3/3/16,3/6/16,3/5/16,991
104,4,3/3/16,3/5/16,3/5/16,7
105,4,3/3/16,3/5/16,3/4/16,306
106,4,3/4/16,3/5/16,3/5/16,422
107,4,3/6/16,3/9/16,3/9/16,633
108,4,3/6/16,3/9/16,3/7/16,12
109,4,3/6/16,3/9/16,3/9/16,1255
110,4,3/6/16,3/8/16,3/9/16,677
111,4,3/7/16,3/10/16,3/10/16,630
112,4,3/8/16,3/11/16,3/10/16,469
113,4,3/8/16,3/11/16,3/11/16,1078
114,4,3/8/16,3/10/16,3/11/16,1431
115,4,3/9/16,3/11/16,3/11/16,1369
116,4,3/10/16,3/11/16,3/11/16,471
117,4,3/10/16,3/13/16,3/11/16,740
118,4,3/12/16,3/14/16,3/13/16,577
119,4,3/12/16,3/14/16,3/14/16,925
120,4,3/14/16,3/15/16,3/17/16,327
121,4,3/14/16,3/15/16,3/16/16,755
122,4,3/14/16,3/16/16,3/15/16,786
123,4,3/15/16,3/18/16,3/17/16,766
124,4,3/16/16,3/18/16,3/17/16,403
125,4,3/16/16,3/19/16,3/17/16,685
126,4,3/16/16,3/18/16,3/18/16,1365
127,4,3/17/16,3/18/16,3/19/16,484
128,4,3/18/16,3/20/16,3/21/16,86
129,4,3/19/16,3/21/16,3/21/16,84
130,4,3/19/16,3/22/16,3/20/16,1049
131,4,3/19/16,3/22/16,3/20/16,316
132,4,3/20/16,3/22/16,3/23/16,46
133,4,3/20/16,3/22/16,3/21/16,409
134,4,3/20/16,3/21/16,3/21/16,679
135,4,3/21/16,3/23/16,3/23/16,1354
136,4,3/21/16,3/24/16,3/23/16,1192
137,4,3/23/16,3/26/16,3/25/16,370
138,4,3/23/16,3/24/16,3/25/16,438
139,4,3/23/16,3/24/16,3/26/16,710
140,4,3/23/16,3/26/16,3/26/16,1264
141,4,3/25/16,3/27/16,3/26/16,557
142,4,3/26/16,3/27/16,3/27/16,170
143,4,3/26/16,3/28/16,3/28/16,693
144,4,3/26/16,3/29/16,3/29/16,1124
145,4,3/27/16,3/29/16,3/30/16,366
146,4,3/28/16,3/30/16,3/30/16,288
147,4,3/28/16,3/31/16,3/31/16,55
148,4,3/28/16,3/30/16,3/30/16,714
149,4,3/28/16,3/30/16,3/29/16,763
150,4,3/29/16,3/31/16,4/1/16,332
151,4,3/29/16,4/1/16,3/31/16,926
152,4,3/29/16,3/30/16,3/30/16,76
153,4,3/30/16,4/2/16,4/1/16,498
154,4,3/31/16,4/1/16,4/1/16,1286
155,4,4/2/16,4/3/16,4/4/16,371
156,4,4/3/16,4/6/16,4/5/16,357
157,4,4/3/16,4/6/16,4/6/16,43
158,3,4/4/16,4/4/16,NULL,117
159,4,4/4/16,4/6/16,4/6/16,32
160,4,4/4/16,4/6/16,4/6/16,205
161,4,4/4/16,4/7/16,4/5/16,251
162,4,4/6/16,4/8/16,4/7/16,31
163,4,4/6/16,4/7/16,4/7/16,1325
164,4,4/7/16,4/8/16,4/9/16,610
165,4,4/8/16,4/10/16,4/10/16,574
166,4,4/8/16,4/11/16,4/11/16,338
167,4,4/8/16,4/9/16,4/11/16,1034
168,4,4/9/16,4/12/16,4/11/16,1147
169,4,4/10/16,4/11/16,4/11/16,99
170,4,4/10/16,4/11/16,4/13/16,1200
171,4,4/11/16,4/14/16,4/14/16,237
172,4,4/11/16,4/12/16,4/14/16,1079
173,4,4/11/16,4/14/16,4/13/16,117
174,4,4/12/16,4/13/16,4/15/16,1361
175,4,4/13/16,4/14/16,4/14/16,951
176,4,4/15/16,4/16/16,4/17/16,643
177,4,4/16/16,4/19/16,4/19/16,121
178,4,4/16/16,4/17/16,4/18/16,756
179,4,4/17/16,4/19/16,4/19/16,616
180,4,4/17/16,4/20/16,4/19/16,918
181,4,4/18/16,4/20/16,4/20/16,459
182,4,4/18/16,4/19/16,4/20/16,854
183,4,4/19/16,4/20/16,4/20/16,22
184,4,4/19/16,4/21/16,4/22/16,134
185,3,4/20/16,4/20/16,NULL,24
186,4,4/21/16,4/22/16,4/24/16,1127
187,4,4/22/16,4/23/16,4/24/16,183
188,4,4/22/16,4/23/16,4/25/16,390
189,4,4/23/16,4/24/16,4/26/16,1288
190,4,4/23/16,4/25/16,4/25/16,98
191,4,4/27/16,4/28/16,4/28/16,919
192,4,4/27/16,4/28/16,4/29/16,728
193,4,4/28/16,4/30/16,4/30/16,1366
194,4,4/28/16,4/30/16,5/1/16,558
195,4,4/28/16,5/1/16,5/1/16,727
196,4,4/28/16,4/30/16,5/1/16,1247
197,4,4/30/16,5/3/16,5/3/16,127
198,4,5/1/16,5/4/16,5/3/16,640
199,4,5/1/16,5/4/16,5/4/16,760
200,4,5/1/16,5/3/16,5/3/16,1074
201,4,5/1/16,5/4/16,5/2/16,280
202,4,5/3/16,5/5/16,5/4/16,600
203,4,5/3/16,5/5/16,5/6/16,1102
204,4,5/4/16,5/7/16,5/6/16,591
205,4,5/4/16,5/5/16,5/6/16,635
206,4,5/4/16,5/6/16,5/5/16,743
207,4,5/5/16,5/7/16,5/7/16,105
208,4,5/6/16,5/7/16,5/9/16,815
209,4,5/7/16,5/8/16,5/8/16,514
210,4,5/7/16,5/8/16,5/9/16,943
211,4,5/7/16,5/9/16,5/8/16,1140
212,4,5/8/16,5/9/16,5/11/16,1373
213,4,5/8/16,5/9/16,5/9/16,788
214,4,5/10/16,5/12/16,5/11/16,363
215,4,5/10/16,5/13/16,5/12/16,1420
216,4,5/11/16,5/14/16,5/13/16,267
217,4,5/11/16,5/12/16,5/14/16,716
218,4,5/12/16,5/14/16,5/14/16,1179
219,4,5/12/16,5/15/16,5/15/16,1338
220,4,5/12/16,5/14/16,5/15/16,1358
221,4,5/13/16,5/16/16,5/14/16,1218
222,4,5/13/16,5/16/16,5/14/16,51
223,4,5/15/16,5/16/16,5/17/16,1368
224,4,5/17/16,5/18/16,5/19/16,157
225,4,5/17/16,5/20/16,5/19/16,307
226,4,5/17/16,5/19/16,5/20/16,501
227,4,5/17/16,5/18/16,5/20/16,489
228,4,5/17/16,5/20/16,5/20/16,615
229,4,5/19/16,5/21/16,5/20/16,742
230,4,5/19/16,5/20/16,5/21/16,1167
231,4,5/19/16,5/22/16,5/21/16,1257
232,4,5/20/16,5/23/16,5/23/16,1360
233,4,5/21/16,5/22/16,5/24/16,737
234,4,5/22/16,5/24/16,5/24/16,1435
235,4,5/24/16,5/25/16,5/25/16,649
236,4,5/25/16,5/27/16,5/26/16,206
237,4,5/25/16,5/26/16,5/27/16,1351
238,4,5/26/16,5/29/16,5/29/16,1350
239,3,5/27/16,5/27/16,NULL,13
240,4,5/27/16,5/29/16,5/30/16,65
241,4,5/27/16,5/29/16,5/29/16,1082
242,4,5/27/16,5/30/16,5/30/16,1168
243,4,5/27/16,5/30/16,5/28/16,802
244,4,5/28/16,5/29/16,5/29/16,956
245,4,5/29/16,5/31/16,5/30/16,223
246,3,5/30/16,5/30/16,NULL,17
247,4,5/30/16,6/1/16,6/1/16,928
248,4,5/30/16,6/1/16,5/31/16,1376
249,4,6/1/16,6/4/16,6/4/16,145
250,4,6/1/16,6/2/16,6/4/16,150
251,4,6/1/16,6/4/16,6/4/16,851
252,4,6/1/16,6/4/16,6/2/16,66
253,4,6/2/16,6/5/16,6/5/16,1267
254,4,6/3/16,6/6/16,6/5/16,510
255,4,6/3/16,6/6/16,6/5/16,801
256,4,6/4/16,6/5/16,6/7/16,26
257,4,6/5/16,6/6/16,6/8/16,1314
258,4,6/6/16,6/7/16,6/7/16,107
259,4,6/6/16,6/9/16,6/9/16,413
260,4,6/6/16,6/8/16,6/8/16,632
261,4,6/8/16,6/10/16,6/9/16,1045
262,4,6/8/16,6/11/16,6/10/16,579
263,4,6/9/16,6/10/16,6/12/16,1322
264,3,6/10/16,6/10/16,NULL,5
265,4,6/10/16,6/12/16,6/11/16,682
266,4,6/10/16,6/13/16,6/13/16,933
267,4,6/11/16,6/14/16,6/14/16,282
268,4,6/11/16,6/14/16,6/12/16,540
269,4,6/12/16,6/13/16,6/15/16,764
270,4,6/12/16,6/15/16,6/13/16,879
271,4,6/13/16,6/16/16,6/14/16,350
272,4,6/15/16,6/18/16,6/16/16,497
273,4,6/16/16,6/19/16,6/17/16,1340
274,4,6/17/16,6/20/16,6/18/16,411
275,4,6/17/16,6/19/16,6/18/16,1341
276,4,6/18/16,6/19/16,6/19/16,1227
277,4,6/19/16,6/20/16,6/20/16,546
278,4,6/20/16,6/23/16,6/21/16,1301
279,4,6/21/16,6/22/16,6/22/16,378
280,4,6/21/16,6/22/16,6/23/16,638
281,4,6/21/16,6/22/16,6/23/16,800
282,4,6/22/16,6/25/16,6/25/16,159
283,4,6/23/16,6/26/16,6/26/16,181
284,4,6/23/16,6/25/16,6/25/16,1356
285,4,6/25/16,6/26/16,6/27/16,319
286,4,6/25/16,6/26/16,6/26/16,59
287,4,6/25/16,6/26/16,6/27/16,133
288,4,6/25/16,6/28/16,6/28/16,780
289,4,6/27/16,6/28/16,6/30/16,849
290,4,6/28/16,6/29/16,6/30/16,202
291,4,6/29/16,6/30/16,7/1/16,158
292,4,6/29/16,6/30/16,7/2/16,360
293,4,6/30/16,7/3/16,7/2/16,573
294,4,7/1/16,7/2/16,7/2/16,732
295,4,7/1/16,7/4/16,7/4/16,1130
296,4,7/4/16,7/7/16,7/6/16,1245
297,4,7/4/16,7/5/16,7/6/16,1425
298,4,7/4/16,7/7/16,7/7/16,885
299,4,7/5/16,7/6/16,7/7/16,281
300,4,7/5/16,7/8/16,7/8/16,1205
301,4,7/6/16,7/9/16,7/8/16,17
302,4,7/6/16,7/7/16,7/9/16,1375
303,4,7/7/16,7/8/16,7/9/16,36
304,4,7/7/16,7/8/16,7/8/16,230
305,4,7/7/16,7/8/16,7/8/16,705
306,4,7/9/16,7/10/16,7/12/16,424
307,4,7/9/16,7/11/16,7/11/16,695
308,4,7/11/16,7/12/16,7/14/16,156
309,4,7/11/16,7/13/16,7/13/16,211
310,4,7/12/16,7/13/16,7/13/16,627
311,4,7/12/16,7/14/16,7/13/16,1400
312,4,7/13/16,7/15/16,7/16/16,299
313,4,7/14/16,7/15/16,7/15/16,565
314,4,7/15/16,7/17/16,7/17/16,1019
315,4,7/16/16,7/19/16,7/17/16,1263
316,4,7/17/16,7/20/16,7/19/16,670
317,4,7/17/16,7/20/16,7/19/16,795
318,4,7/17/16,7/19/16,7/20/16,1141
319,4,7/18/16,7/21/16,7/21/16,941
320,4,7/19/16,7/20/16,7/21/16,1428
321,4,7/19/16,7/22/16,7/21/16,568
322,4,7/19/16,7/22/16,7/20/16,924
323,4,7/19/16,7/22/16,7/21/16,1243
324,4,7/20/16,7/22/16,7/23/16,480
325,4,7/20/16,7/21/16,7/21/16,848
326,4,7/20/16,7/21/16,7/22/16,1337
327,4,7/21/16,7/24/16,7/22/16,83
328,4,7/23/16,7/26/16,7/25/16,528
329,4,7/24/16,7/27/16,7/26/16,274
330,4,7/24/16,7/27/16,7/27/16,622
331,4,7/24/16,7/26/16,7/25/16,642
332,4,7/24/16,7/26/16,7/26/16,659
333,4,7/25/16,7/27/16,7/26/16,779
334,4,7/25/16,7/28/16,7/27/16,1112
335,4,7/25/16,7/27/16,7/26/16,1193
336,4,7/26/16,7/29/16,7/27/16,1030
337,4,7/26/16,7/27/16,7/28/16,1252
338,4,7/28/16,7/29/16,7/30/16,1333
339,4,7/28/16,7/31/16,7/29/16,1110
340,4,7/29/16,7/30/16,7/31/16,963
341,4,7/31/16,8/3/16,8/1/16,1357
342,4,7/31/16,8/1/16,8/3/16,806
343,4,7/31/16,8/2/16,8/1/16,961
344,4,8/1/16,8/3/16,8/2/16,750
345,4,8/1/16,8/4/16,8/3/16,1299
346,4,8/1/16,8/3/16,8/2/16,584
347,4,8/2/16,8/3/16,8/5/16,1004
348,4,8/2/16,8/5/16,8/4/16,907
349,3,8/3/16,8/3/16,NULL,30
350,3,8/3/16,8/3/16,NULL,31
351,4,8/3/16,8/6/16,8/4/16,1307
352,4,8/3/16,8/4/16,8/6/16,16
353,4,8/3/16,8/6/16,8/6/16,1387
354,4,8/3/16,8/5/16,8/6/16,551
355,4,8/3/16,8/5/16,8/5/16,1011
356,4,8/4/16,8/7/16,8/6/16,1189
357,3,8/5/16,8/5/16,NULL,14
358,4,8/5/16,8/7/16,8/7/16,1042
359,4,8/7/16,8/10/16,8/10/16,441
360,4,8/7/16,8/9/16,8/10/16,1300
361,4,8/8/16,8/9/16,8/11/16,994
362,4,8/9/16,8/11/16,8/11/16,187
363,4,8/11/16,8/12/16,8/13/16,834
364,4,8/12/16,8/14/16,8/13/16,373
365,4,8/13/16,8/14/16,8/15/16,981
366,4,8/13/16,8/14/16,8/14/16,1054
367,4,8/14/16,8/15/16,8/15/16,527
368,4,8/14/16,8/15/16,8/17/16,995
369,4,8/15/16,8/18/16,8/18/16,1285
370,4,8/15/16,8/18/16,8/18/16,758
371,4,8/15/16,8/16/16,8/18/16,891
372,4,8/16/16,8/18/16,8/18/16,132
373,4,8/16/16,8/19/16,8/17/16,337
374,4,8/17/16,8/19/16,8/18/16,1313
375,4,8/17/16,8/20/16,8/20/16,536
376,4,8/17/16,8/19/16,8/18/16,825
377,4,8/17/16,8/19/16,8/20/16,1355
378,4,8/17/16,8/20/16,8/20/16,475
379,4,8/18/16,8/21/16,8/21/16,954
380,4,8/19/16,8/20/16,8/21/16,1156
381,4,8/19/16,8/21/16,8/21/16,1297
382,4,8/20/16,8/23/16,8/23/16,199
383,4,8/20/16,8/23/16,8/22/16,331
384,4,8/20/16,8/22/16,8/23/16,410
385,4,8/20/16,8/23/16,8/22/16,1274
386,4,8/20/16,8/23/16,8/23/16,1362
387,4,8/20/16,8/21/16,8/21/16,451
388,4,8/21/16,8/24/16,8/23/16,1080
389,4,8/22/16,8/24/16,8/25/16,53
390,4,8/22/16,8/24/16,8/25/16,576
391,3,8/23/16,8/23/16,NULL,61
392,4,8/23/16,8/26/16,8/24/16,176
393,4,8/25/16,8/26/16,8/27/16,368
394,4,8/26/16,8/28/16,8/29/16,522
395,4,8/26/16,8/27/16,8/29/16,144
396,4,8/27/16,8/30/16,8/29/16,542
397,4,8/28/16,8/31/16,8/29/16,1437
398,4,8/29/16,8/30/16,9/1/16,447
399,4,8/29/16,9/1/16,9/1/16,1001
400,4,8/29/16,8/30/16,8/31/16,1295
401,4,8/30/16,9/2/16,9/1/16,103
402,4,8/30/16,9/1/16,8/31/16,1335
403,4,8/31/16,9/1/16,9/2/16,578
404,4,8/31/16,9/3/16,9/1/16,396
405,4,8/31/16,9/1/16,9/1/16,603
406,4,8/31/16,9/2/16,9/1/16,1380
407,3,9/1/16,9/1/16,NULL,77
408,4,9/1/16,9/2/16,9/2/16,1071
409,4,9/1/16,9/4/16,9/4/16,416
410,4,9/1/16,9/3/16,9/2/16,1151
411,4,9/2/16,9/4/16,9/4/16,261
412,4,9/2/16,9/4/16,9/4/16,1202
413,4,9/2/16,9/5/16,9/3/16,717
414,4,9/3/16,9/6/16,9/6/16,917
415,4,9/3/16,9/6/16,9/6/16,1265
416,4,9/3/16,9/4/16,9/6/16,1377
417,4,9/4/16,9/5/16,9/6/16,359
418,4,9/4/16,9/5/16,9/5/16,88
419,4,9/4/16,9/7/16,9/6/16,14
420,4,9/5/16,9/6/16,9/7/16,72
421,4,9/5/16,9/6/16,9/8/16,240
422,4,9/6/16,9/7/16,9/9/16,398
423,4,9/6/16,9/9/16,9/9/16,1397
424,4,9/8/16,9/11/16,9/11/16,67
425,4,9/8/16,9/11/16,9/11/16,843
426,4,9/8/16,9/10/16,9/10/16,944
427,4,9/9/16,9/10/16,9/11/16,434
428,4,9/9/16,9/12/16,9/10/16,1039
429,4,9/10/16,9/12/16,9/12/16,153
430,4,9/11/16,9/13/16,9/12/16,272
431,4,9/11/16,9/12/16,9/12/16,1217
432,4,9/12/16,9/15/16,9/14/16,169
433,4,9/12/16,9/15/16,9/13/16,1062
434,4,9/13/16,9/15/16,9/14/16,726
435,4,9/14/16,9/15/16,9/16/16,77
436,4,9/16/16,9/19/16,9/19/16,791
437,4,9/16/16,9/18/16,9/18/16,1085
438,4,9/16/16,9/19/16,9/18/16,314
439,4,9/17/16,9/20/16,9/18/16,149
440,4,9/17/16,9/18/16,9/19/16,882
441,4,9/18/16,9/19/16,9/19/16,704
442,4,9/18/16,9/21/16,9/21/16,667
443,4,9/18/16,9/19/16,9/20/16,1371
444,4,9/19/16,9/20/16,9/21/16,30
445,4,9/19/16,9/22/16,9/22/16,362
446,4,9/19/16,9/21/16,9/20/16,399
447,4,9/20/16,9/23/16,9/22/16,808
448,4,9/21/16,9/22/16,9/24/16,101
449,4,9/21/16,9/24/16,9/22/16,492
450,4,9/21/16,9/24/16,9/23/16,575
451,4,9/21/16,9/23/16,9/22/16,1146
452,4,9/22/16,9/23/16,9/24/16,997
453,4,9/22/16,9/24/16,9/25/16,1028
454,4,9/23/16,9/25/16,9/26/16,988
455,4,9/23/16,9/24/16,9/24/16,1055
456,4,9/23/16,9/26/16,9/25/16,1061
457,4,9/24/16,9/27/16,9/27/16,1349
458,4,9/25/16,9/28/16,9/26/16,197
459,4,9/25/16,9/28/16,9/26/16,874
460,4,9/25/16,9/27/16,9/26/16,691
461,4,9/26/16,9/27/16,9/27/16,853
462,4,9/27/16,9/28/16,9/29/16,852
463,4,9/27/16,9/28/16,9/28/16,964
464,4,9/28/16,9/30/16,9/29/16,74
465,4,9/28/16,10/1/16,10/1/16,1198
466,4,9/28/16,9/29/16,10/1/16,1440
467,4,9/28/16,9/30/16,9/30/16,555
468,4,9/29/16,10/2/16,9/30/16,1261
469,4,9/29/16,10/2/16,10/2/16,1089
470,4,9/30/16,10/2/16,10/2/16,641
471,4,9/30/16,10/2/16,10/1/16,697
472,4,9/30/16,10/1/16,10/1/16,468
473,4,9/30/16,10/2/16,10/3/16,549
474,4,10/1/16,10/4/16,10/4/16,553
475,4,10/1/16,10/4/16,10/3/16,241
476,4,10/1/16,10/4/16,10/2/16,559
477,4,10/2/16,10/5/16,10/4/16,449
478,4,10/2/16,10/5/16,10/3/16,304
479,4,10/3/16,10/4/16,10/4/16,984
480,4,10/4/16,10/7/16,10/5/16,686
481,4,10/4/16,10/7/16,10/6/16,481
482,4,10/5/16,10/6/16,10/6/16,513
483,4,10/6/16,10/7/16,10/9/16,703
484,4,10/6/16,10/9/16,10/7/16,421
485,4,10/6/16,10/8/16,10/7/16,465
486,4,10/6/16,10/8/16,10/9/16,709
487,4,10/6/16,10/9/16,10/9/16,827
488,4,10/6/16,10/9/16,10/8/16,921
489,4,10/6/16,10/8/16,10/8/16,899
490,4,10/7/16,10/10/16,10/9/16,876
491,4,10/8/16,10/10/16,10/11/16,1048
492,4,10/9/16,10/10/16,10/12/16,191
493,4,10/9/16,10/12/16,10/11/16,796
494,4,10/9/16,10/10/16,10/11/16,875
495,4,10/10/16,10/12/16,10/13/16,712
496,4,10/10/16,10/12/16,10/11/16,193
497,4,10/10/16,10/11/16,10/11/16,785
498,4,10/10/16,10/12/16,10/11/16,1331
499,4,10/11/16,10/14/16,10/13/16,260
500,4,10/11/16,10/12/16,10/13/16,148
501,4,10/11/16,10/12/16,10/13/16,977
502,4,10/12/16,10/13/16,10/13/16,401
503,4,10/13/16,10/16/16,10/14/16,932
504,4,10/14/16,10/15/16,10/15/16,1381
505,4,10/14/16,10/16/16,10/17/16,721
506,4,10/14/16,10/16/16,10/16/16,831
507,4,10/15/16,10/17/16,10/17/16,1378
508,4,10/15/16,10/18/16,10/18/16,1359
509,4,10/16/16,10/17/16,10/17/16,235
510,4,10/17/16,10/18/16,10/18/16,586
511,4,10/18/16,10/20/16,10/19/16,377
512,4,10/19/16,10/22/16,10/20/16,8
513,4,10/19/16,10/21/16,10/21/16,155
514,4,10/19/16,10/21/16,10/20/16,927
515,4,10/19/16,10/20/16,10/22/16,986
516,4,10/21/16,10/23/16,10/24/16,111
517,4,10/21/16,10/22/16,10/24/16,613
518,4,10/22/16,10/24/16,10/25/16,1374
519,4,10/22/16,10/23/16,10/24/16,54
520,4,10/23/16,10/26/16,10/24/16,639
521,4,10/23/16,10/25/16,10/25/16,664
522,4,10/23/16,10/24/16,10/24/16,724
523,4,10/24/16,10/26/16,10/27/16,1056
524,4,10/25/16,10/26/16,10/27/16,569
525,4,10/26/16,10/28/16,10/29/16,1315
526,4,10/26/16,10/28/16,10/28/16,1096
527,4,10/27/16,10/29/16,10/28/16,506
528,4,10/28/16,10/31/16,10/31/16,676
529,4,10/28/16,10/30/16,10/31/16,753
530,4,10/28/16,10/31/16,10/31/16,773
531,4,10/28/16,10/29/16,10/30/16,116
532,4,10/29/16,10/31/16,10/30/16,817
533,4,10/29/16,11/1/16,11/1/16,1334
534,4,10/29/16,10/30/16,10/31/16,1406
535,4,10/29/16,10/31/16,11/1/16,835
536,4,10/31/16,11/2/16,11/1/16,759
537,4,10/31/16,11/1/16,11/3/16,1353
538,4,11/2/16,11/5/16,11/5/16,341
539,4,11/2/16,11/4/16,11/3/16,1144
540,4,11/3/16,11/5/16,11/6/16,1429
541,4,11/4/16,11/7/16,11/7/16,1228
542,4,11/4/16,11/6/16,11/5/16,313
543,4,11/6/16,11/9/16,11/8/16,62
544,4,11/6/16,11/7/16,11/8/16,321
545,4,11/8/16,11/10/16,11/9/16,1108
546,4,11/9/16,11/12/16,11/10/16,470
547,4,11/9/16,11/11/16,11/10/16,20
548,4,11/11/16,11/13/16,11/13/16,739
549,3,11/12/16,11/12/16,NULL,64
550,4,11/12/16,11/14/16,11/15/16,892
551,4,11/12/16,11/13/16,11/13/16,1169
552,4,11/12/16,11/15/16,11/13/16,1282
553,4,11/12/16,11/13/16,11/15/16,913
554,4,11/13/16,11/14/16,11/16/16,104
555,4,11/13/16,11/14/16,11/16/16,212
556,4,11/13/16,11/14/16,11/15/16,61
557,4,11/14/16,11/17/16,11/15/16,1248
558,4,11/15/16,11/16/16,11/17/16,1443
559,4,11/16/16,11/17/16,11/17/16,959
560,4,11/18/16,11/19/16,11/21/16,1405
561,4,11/19/16,11/22/16,11/22/16,90
562,4,11/19/16,11/20/16,11/22/16,942
563,4,11/20/16,11/22/16,11/21/16,365
564,4,11/20/16,11/23/16,11/22/16,1058
565,4,11/21/16,11/22/16,11/22/16,894
566,4,11/22/16,11/25/16,11/23/16,298
567,4,11/22/16,11/23/16,11/23/16,1430
568,4,11/23/16,11/25/16,11/24/16,1275
569,4,11/23/16,11/24/16,11/25/16,707
570,4,11/23/16,11/24/16,11/25/16,989
571,4,11/24/16,11/25/16,11/27/16,5
572,4,11/24/16,11/26/16,11/26/16,178
573,4,11/24/16,11/26/16,11/27/16,423
574,4,11/26/16,11/27/16,11/29/16,833
575,4,11/27/16,11/28/16,11/30/16,33
576,4,11/27/16,11/30/16,11/28/16,1272
577,4,11/27/16,11/30/16,11/29/16,445
578,4,11/27/16,11/28/16,11/29/16,819
579,4,11/27/16,11/30/16,11/29/16,160
580,4,11/30/16,12/2/16,12/2/16,581
581,4,12/3/16,12/5/16,12/6/16,688
582,3,12/4/16,12/4/16,NULL,32
583,4,12/4/16,12/5/16,12/7/16,792
584,4,12/4/16,12/5/16,12/5/16,1209
585,4,12/4/16,12/5/16,12/5/16,1219
586,4,12/4/16,12/6/16,12/5/16,1306
587,4,12/6/16,12/8/16,12/8/16,487
588,4,12/6/16,12/7/16,12/7/16,102
589,4,12/6/16,12/7/16,12/7/16,719
590,4,12/6/16,12/9/16,12/7/16,990
591,4,12/6/16,12/9/16,12/9/16,1211
592,4,12/6/16,12/8/16,12/8/16,1232
593,4,12/7/16,12/10/16,12/8/16,50
594,4,12/7/16,12/8/16,12/8/16,1318
595,4,12/8/16,12/9/16,12/11/16,538
596,4,12/8/16,12/9/16,12/9/16,952
597,4,12/8/16,12/9/16,12/10/16,1121
598,3,12/9/16,12/9/16,NULL,40
599,4,12/9/16,12/10/16,12/12/16,1
600,4,12/9/16,12/12/16,12/11/16,624
601,4,12/9/16,12/10/16,12/10/16,683
602,4,12/9/16,12/10/16,12/11/16,823
603,4,12/9/16,12/10/16,12/10/16,1032
604,4,12/10/16,12/13/16,12/12/16,96
605,4,12/10/16,12/11/16,12/12/16,1208
606,4,12/11/16,12/12/16,12/13/16,18
607,4,12/11/16,12/14/16,12/13/16,309
608,4,12/12/16,12/15/16,12/14/16,1103
609,4,12/12/16,12/13/16,12/14/16,896
610,4,12/13/16,12/15/16,12/14/16,711
611,4,12/15/16,12/17/16,12/18/16,1073
612,4,12/16/16,12/17/16,12/17/16,634
613,4,12/17/16,12/19/16,12/19/16,1159
614,4,12/18/16,12/21/16,12/21/16,654
615,4,12/19/16,12/22/16,12/21/16,560
616,4,12/20/16,12/23/16,12/23/16,1444
617,4,12/21/16,12/23/16,12/23/16,118
618,4,12/21/16,12/22/16,12/22/16,131
619,4,12/22/16,12/25/16,12/25/16,454
620,4,12/22/16,12/24/16,12/24/16,466
621,4,12/23/16,12/25/16,12/24/16,1157
622,4,12/23/16,12/26/16,12/25/16,1398
623,4,12/24/16,12/26/16,12/27/16,678
624,4,12/24/16,12/25/16,12/27/16,814
625,4,12/25/16,12/28/16,12/26/16,1163
626,4,12/25/16,12/28/16,12/27/16,130
627,4,12/25/16,12/26/16,12/28/16,1119
628,4,12/26/16,12/29/16,12/27/16,561
629,4,12/26/16,12/27/16,12/29/16,973
630,4,12/26/16,12/27/16,12/28/16,1404
631,4,12/27/16,12/29/16,12/29/16,855
632,4,12/27/16,12/29/16,12/29/16,163
633,4,12/28/16,12/31/16,12/30/16,1040
634,4,12/29/16,1/1/17,12/30/16,27
635,4,12/30/16,1/2/17,12/31/16,520
636,4,1/3/17,1/4/17,1/5/17,532
637,4,1/3/17,1/5/17,1/5/17,512
638,4,1/4/17,1/5/17,1/6/17,1302
639,4,1/6/17,1/7/17,1/7/17,550
640,4,1/6/17,1/8/17,1/7/17,1093
641,4,1/7/17,1/10/17,1/8/17,673
642,4,1/7/17,1/9/17,1/10/17,847
643,4,1/8/17,1/9/17,1/11/17,901
644,4,1/8/17,1/11/17,1/10/17,439
645,4,1/8/17,1/11/17,1/10/17,1199
646,4,1/9/17,1/12/17,1/11/17,975
647,4,1/9/17,1/10/17,1/11/17,283
648,4,1/9/17,1/11/17,1/11/17,684
649,4,1/10/17,1/11/17,1/13/17,1153
650,4,1/11/17,1/14/17,1/12/17,729
651,4,1/11/17,1/13/17,1/13/17,190
652,4,1/12/17,1/15/17,1/13/17,985
653,4,1/14/17,1/17/17,1/15/17,1249
654,4,1/14/17,1/15/17,1/17/17,1129
655,4,1/16/17,1/17/17,1/18/17,347
656,4,1/16/17,1/17/17,1/18/17,949
657,4,1/17/17,1/19/17,1/20/17,349
658,4,1/17/17,1/18/17,1/18/17,1051
659,4,1/17/17,1/19/17,1/18/17,1391
660,4,1/18/17,1/19/17,1/19/17,383
661,4,1/18/17,1/19/17,1/20/17,626
662,4,1/19/17,1/20/17,1/20/17,1125
663,4,1/20/17,1/22/17,1/23/17,344
664,4,1/20/17,1/23/17,1/22/17,681
665,4,1/21/17,1/22/17,1/23/17,29
666,4,1/21/17,1/22/17,1/24/17,770
667,4,1/22/17,1/24/17,1/25/17,858
668,4,1/22/17,1/23/17,1/24/17,297
669,4,1/23/17,1/24/17,1/26/17,745
670,4,1/24/17,1/25/17,1/25/17,361
671,4,1/25/17,1/28/17,1/26/17,922
672,4,1/26/17,1/29/17,1/29/17,908
673,4,1/26/17,1/28/17,1/27/17,64
674,4,1/27/17,1/28/17,1/29/17,733
675,4,1/28/17,1/31/17,1/30/17,291
676,4,1/28/17,1/30/17,1/31/17,790
677,4,1/28/17,1/31/17,1/30/17,809
678,4,1/28/17,1/29/17,1/31/17,250
679,4,1/29/17,1/30/17,1/30/17,81
680,4,1/29/17,2/1/17,1/30/17,245
681,4,1/29/17,2/1/17,1/31/17,499
682,4,1/29/17,1/30/17,1/30/17,614
683,4,1/29/17,1/31/17,2/1/17,741
684,4,1/31/17,2/1/17,2/2/17,762
685,4,1/31/17,2/3/17,2/2/17,976
686,4,2/1/17,2/3/17,2/4/17,380
687,4,2/2/17,2/5/17,2/4/17,530
688,4,2/2/17,2/3/17,2/5/17,343
689,4,2/2/17,2/3/17,2/5/17,884
690,4,2/3/17,2/4/17,2/6/17,1097
691,4,2/4/17,2/6/17,2/6/17,1081
692,3,2/5/17,2/5/17,NULL,2
693,4,2/5/17,2/7/17,2/6/17,1233
694,4,2/5/17,2/6/17,2/8/17,58
695,4,2/5/17,2/8/17,2/7/17,606
696,4,2/5/17,2/8/17,2/8/17,1242
697,4,2/6/17,2/8/17,2/9/17,562
698,4,2/6/17,2/8/17,2/9/17,543
699,4,2/6/17,2/8/17,2/9/17,958
700,4,2/7/17,2/10/17,2/8/17,4
701,4,2/7/17,2/8/17,2/9/17,850
702,4,2/8/17,2/9/17,2/11/17,1352
703,4,2/8/17,2/9/17,2/9/17,417
704,4,2/8/17,2/9/17,2/11/17,1137
705,4,2/8/17,2/11/17,2/11/17,1196
706,4,2/9/17,2/12/17,2/10/17,1271
707,4,2/9/17,2/11/17,2/11/17,79
708,4,2/10/17,2/12/17,2/11/17,660
709,4,2/11/17,2/13/17,2/12/17,1162
710,4,2/13/17,2/15/17,2/16/17,295
711,4,2/13/17,2/16/17,2/14/17,1246
712,4,2/13/17,2/14/17,2/16/17,173
713,4,2/13/17,2/14/17,2/15/17,207
714,4,2/14/17,2/17/17,2/15/17,805
715,3,2/15/17,2/15/17,NULL,12
716,4,2/15/17,2/17/17,2/18/17,672
717,4,2/15/17,2/18/17,2/17/17,1312
718,4,2/16/17,2/17/17,2/17/17,38
719,4,2/16/17,2/19/17,2/18/17,200
720,4,2/16/17,2/19/17,2/19/17,382
721,4,2/16/17,2/19/17,2/17/17,625
722,4,2/18/17,2/20/17,2/21/17,1399
723,4,2/19/17,2/21/17,2/22/17,845
724,4,2/19/17,2/22/17,2/21/17,864
725,4,2/19/17,2/22/17,2/22/17,870
726,4,2/19/17,2/22/17,2/20/17,969
727,4,2/19/17,2/22/17,2/21/17,962
728,4,2/20/17,2/21/17,2/23/17,1138
729,4,2/20/17,2/22/17,2/21/17,897
730,4,2/21/17,2/24/17,2/22/17,500
731,4,2/25/17,2/27/17,2/27/17,910
732,4,2/26/17,2/27/17,3/1/17,147
733,4,2/26/17,3/1/17,2/27/17,832
734,4,2/26/17,2/28/17,3/1/17,939
735,3,2/27/17,2/27/17,NULL,20
736,4,2/27/17,2/28/17,2/28/17,184
737,4,2/27/17,3/1/17,2/28/17,694
738,4,2/28/17,3/1/17,3/3/17,124
739,4,2/28/17,3/1/17,3/2/17,49
740,4,2/28/17,3/1/17,3/2/17,1113
741,4,2/28/17,3/1/17,3/1/17,119
742,4,2/28/17,3/1/17,3/1/17,433
743,4,3/1/17,3/4/17,3/4/17,137
744,4,3/1/17,3/2/17,3/2/17,166
745,4,3/1/17,3/3/17,3/3/17,698
746,4,3/2/17,3/4/17,3/5/17,391
747,4,3/3/17,3/4/17,3/5/17,87
748,4,3/3/17,3/5/17,3/4/17,1072
749,4,3/4/17,3/7/17,3/5/17,255
750,4,3/4/17,3/7/17,3/5/17,232
751,4,3/5/17,3/8/17,3/7/17,731
752,4,3/5/17,3/6/17,3/7/17,335
753,4,3/5/17,3/8/17,3/8/17,1201
754,4,3/6/17,3/7/17,3/8/17,646
755,4,3/6/17,3/7/17,3/7/17,531
756,4,3/6/17,3/7/17,3/9/17,1143
757,4,3/6/17,3/8/17,3/9/17,1336
758,4,3/6/17,3/8/17,3/7/17,953
759,4,3/7/17,3/9/17,3/8/17,284
760,4,3/7/17,3/10/17,3/10/17,1104
761,4,3/7/17,3/8/17,3/10/17,1291
762,4,3/8/17,3/9/17,3/9/17,572
763,4,3/8/17,3/10/17,3/9/17,842
764,4,3/9/17,3/10/17,3/12/17,701
765,4,3/9/17,3/11/17,3/12/17,1152
766,4,3/9/17,3/11/17,3/12/17,141
767,4,3/9/17,3/10/17,3/11/17,564
768,4,3/9/17,3/12/17,3/10/17,841
769,4,3/9/17,3/11/17,3/11/17,946
770,4,3/9/17,3/11/17,3/11/17,135
771,4,3/11/17,3/14/17,3/12/17,671
772,4,3/11/17,3/12/17,3/13/17,448
773,4,3/11/17,3/12/17,3/12/17,1385
774,4,3/12/17,3/14/17,3/14/17,690
775,4,3/12/17,3/13/17,3/13/17,968
776,4,3/13/17,3/15/17,3/16/17,490
777,4,3/13/17,3/16/17,3/16/17,496
778,3,3/15/17,3/15/17,NULL,56
779,4,3/15/17,3/16/17,3/18/17,367
780,4,3/15/17,3/17/17,3/17/17,592
781,4,3/15/17,3/16/17,3/17/17,1018
782,4,3/15/17,3/16/17,3/18/17,1298
783,4,3/16/17,3/19/17,3/17/17,1343
784,4,3/16/17,3/19/17,3/19/17,430
785,4,3/18/17,3/19/17,3/20/17,794
786,4,3/18/17,3/20/17,3/19/17,249
787,4,3/18/17,3/20/17,3/19/17,700
788,4,3/18/17,3/20/17,3/20/17,1363
789,4,3/19/17,3/20/17,3/20/17,772
790,4,3/19/17,3/21/17,3/22/17,1015
791,4,3/20/17,3/22/17,3/23/17,432
792,4,3/22/17,3/23/17,3/24/17,479
793,4,3/23/17,3/24/17,3/24/17,653
794,4,3/23/17,3/25/17,3/24/17,863
795,4,3/23/17,3/25/17,3/26/17,992
796,4,3/23/17,3/26/17,3/25/17,154
797,4,3/24/17,3/26/17,3/26/17,374
798,4,3/26/17,3/28/17,3/29/17,619
799,4,3/27/17,3/28/17,3/29/17,607
800,4,3/27/17,3/29/17,3/28/17,1057
801,4,3/28/17,3/29/17,3/30/17,78
802,4,3/28/17,3/29/17,3/30/17,340
803,4,3/28/17,3/31/17,3/30/17,1105
804,4,3/29/17,3/31/17,3/30/17,95
805,4,3/29/17,3/30/17,4/1/17,420
806,4,3/30/17,3/31/17,3/31/17,234
807,4,3/30/17,4/1/17,4/2/17,1148
808,4,3/31/17,4/2/17,4/2/17,315
809,4,3/31/17,4/3/17,4/3/17,1222
810,3,4/1/17,4/1/17,NULL,153
811,4,4/1/17,4/4/17,4/4/17,524
812,4,4/1/17,4/2/17,4/3/17,1164
813,4,4/1/17,4/3/17,4/2/17,1203
814,4,4/2/17,4/5/17,4/3/17,629
815,4,4/3/17,4/5/17,4/4/17,1251
816,4,4/3/17,4/5/17,4/5/17,811
817,4,4/4/17,4/5/17,4/7/17,301
818,4,4/4/17,4/7/17,4/7/17,1319
819,4,4/4/17,4/7/17,4/5/17,221
820,4,4/5/17,4/8/17,4/7/17,725
821,4,4/5/17,4/7/17,4/8/17,1181
822,4,4/6/17,4/8/17,4/9/17,294
823,4,4/6/17,4/7/17,4/8/17,415
824,4,4/7/17,4/9/17,4/10/17,993
825,4,4/7/17,4/8/17,4/9/17,10
826,4,4/7/17,4/10/17,4/10/17,45
827,4,4/7/17,4/10/17,4/10/17,666
828,4,4/9/17,4/10/17,4/12/17,246
829,4,4/9/17,4/10/17,4/10/17,674
830,4,4/11/17,4/14/17,4/12/17,431
831,4,4/11/17,4/12/17,4/12/17,1000
832,4,4/11/17,4/12/17,4/12/17,1215
833,4,4/12/17,4/14/17,4/15/17,406
834,4,4/12/17,4/13/17,4/15/17,890
835,4,4/13/17,4/15/17,4/14/17,940
836,4,4/13/17,4/16/17,4/14/17,455
837,4,4/13/17,4/16/17,4/14/17,948
838,4,4/14/17,4/17/17,4/15/17,1395
839,4,4/15/17,4/18/17,4/16/17,1332
840,4,4/15/17,4/16/17,4/16/17,372
841,4,4/15/17,4/18/17,4/17/17,428
842,4,4/15/17,4/18/17,4/16/17,1133
843,4,4/16/17,4/17/17,4/19/17,1059
844,4,4/16/17,4/17/17,4/18/17,1436
845,4,4/17/17,4/18/17,4/18/17,662
846,4,4/17/17,4/19/17,4/19/17,715
847,4,4/18/17,4/19/17,4/19/17,329
848,4,4/18/17,4/20/17,4/20/17,597
849,4,4/19/17,4/20/17,4/21/17,776
850,4,4/19/17,4/22/17,4/22/17,1346
851,4,4/20/17,4/21/17,4/22/17,1139
852,4,4/21/17,4/23/17,4/22/17,13
853,4,4/21/17,4/24/17,4/24/17,883
854,4,4/22/17,4/25/17,4/23/17,177
855,4,4/22/17,4/23/17,4/25/17,775
856,4,4/23/17,4/25/17,4/26/17,477
857,4,4/24/17,4/25/17,4/26/17,1402
858,4,4/25/17,4/27/17,4/28/17,162
859,4,4/25/17,4/26/17,4/26/17,644
860,4,4/27/17,4/29/17,4/28/17,473
861,4,4/27/17,4/29/17,4/30/17,1177
862,4,4/27/17,4/30/17,4/29/17,1230
863,4,4/28/17,4/30/17,5/1/17,446
864,4,4/28/17,4/30/17,4/29/17,902
865,4,4/29/17,5/2/17,5/1/17,974
866,4,4/29/17,4/30/17,5/1/17,1410
867,4,5/1/17,5/3/17,5/2/17,97
868,4,5/1/17,5/4/17,5/2/17,868
869,4,5/1/17,5/4/17,5/2/17,844
870,4,5/1/17,5/4/17,5/2/17,1416
871,4,5/2/17,5/4/17,5/3/17,358
872,4,5/3/17,5/6/17,5/6/17,394
873,4,5/3/17,5/5/17,5/5/17,829
874,4,5/4/17,5/5/17,5/6/17,661
875,4,5/5/17,5/6/17,5/8/17,386
876,4,5/5/17,5/8/17,5/6/17,1046
877,4,5/6/17,5/7/17,5/8/17,784
878,4,5/7/17,5/10/17,5/9/17,224
879,4,5/8/17,5/9/17,5/9/17,214
880,4,5/8/17,5/11/17,5/10/17,1206
881,4,5/8/17,5/11/17,5/11/17,1024
882,4,5/9/17,5/12/17,5/10/17,196
883,4,5/11/17,5/13/17,5/14/17,507
884,4,5/11/17,5/13/17,5/12/17,871
885,3,5/13/17,5/13/17,NULL,66
886,4,5/13/17,5/14/17,5/15/17,1396
887,4,5/13/17,5/15/17,5/15/17,1195
888,4,5/14/17,5/16/17,5/16/17,1038
889,4,5/14/17,5/17/17,5/15/17,830
890,4,5/15/17,5/18/17,5/18/17,171
891,4,5/15/17,5/18/17,5/16/17,384
892,4,5/15/17,5/18/17,5/17/17,651
893,4,5/16/17,5/19/17,5/19/17,1293
894,4,5/16/17,5/19/17,5/19/17,1320
895,4,5/18/17,5/21/17,5/19/17,857
896,4,5/19/17,5/22/17,5/21/17,376
897,4,5/20/17,5/21/17,5/21/17,47
898,4,5/20/17,5/21/17,5/22/17,352
899,4,5/20/17,5/21/17,5/21/17,605
900,4,5/20/17,5/21/17,5/22/17,971
901,4,5/21/17,5/22/17,5/24/17,345
902,4,5/21/17,5/24/17,5/22/17,1278
903,4,5/22/17,5/23/17,5/24/17,179
904,4,5/23/17,5/26/17,5/24/17,1020
905,4,5/23/17,5/26/17,5/24/17,609
906,4,5/23/17,5/26/17,5/26/17,877
907,4,5/24/17,5/26/17,5/27/17,120
908,4,5/25/17,5/28/17,5/27/17,402
909,4,5/26/17,5/27/17,5/28/17,188
910,4,5/26/17,5/28/17,5/28/17,342
911,4,5/26/17,5/29/17,5/29/17,887
912,4,5/27/17,5/29/17,5/29/17,519
913,4,5/27/17,5/29/17,5/29/17,699
914,4,5/28/17,5/31/17,5/31/17,1068
915,4,5/28/17,5/30/17,5/30/17,215
916,4,5/28/17,5/29/17,5/29/17,718
917,4,5/29/17,5/31/17,6/1/17,881
918,4,5/30/17,5/31/17,5/31/17,242
919,4,5/30/17,5/31/17,5/31/17,781
920,4,5/30/17,6/1/17,6/2/17,966
921,4,5/31/17,6/2/17,6/2/17,628
922,4,5/31/17,6/1/17,6/3/17,656
923,4,5/31/17,6/3/17,6/2/17,769
924,3,6/2/17,6/2/17,NULL,68
925,4,6/2/17,6/5/17,6/3/17,1316
926,4,6/3/17,6/5/17,6/6/17,233
927,4,6/3/17,6/5/17,6/6/17,1438
928,4,6/5/17,6/6/17,6/6/17,957
929,4,6/5/17,6/6/17,6/8/17,472
930,4,6/5/17,6/6/17,6/6/17,1224
931,4,6/7/17,6/8/17,6/8/17,631
932,4,6/7/17,6/8/17,6/9/17,804
933,4,6/7/17,6/10/17,6/8/17,909
934,4,6/9/17,6/10/17,6/12/17,93
935,3,6/10/17,6/10/17,NULL,43
936,4,6/10/17,6/13/17,6/12/17,265
937,4,6/11/17,6/14/17,6/13/17,73
938,4,6/11/17,6/12/17,6/12/17,129
939,4,6/11/17,6/12/17,6/14/17,1407
940,4,6/12/17,6/14/17,6/13/17,585
941,4,6/12/17,6/14/17,6/14/17,736
942,4,6/13/17,6/16/17,6/15/17,537
943,4,6/13/17,6/15/17,6/15/17,1025
944,4,6/14/17,6/15/17,6/17/17,138
945,4,6/14/17,6/15/17,6/16/17,167
946,4,6/14/17,6/16/17,6/15/17,525
947,4,6/15/17,6/18/17,6/17/17,278
948,4,6/15/17,6/17/17,6/17/17,618
949,4,6/16/17,6/18/17,6/17/17,867
950,4,6/16/17,6/19/17,6/18/17,142
951,4,6/16/17,6/19/17,6/19/17,339
952,4,6/16/17,6/18/17,6/18/17,355
953,4,6/16/17,6/18/17,6/17/17,658
954,4,6/17/17,6/20/17,6/20/17,611
955,4,6/17/17,6/19/17,6/18/17,880
956,4,6/17/17,6/19/17,6/20/17,1184
957,4,6/17/17,6/20/17,6/20/17,722
958,4,6/18/17,6/20/17,6/19/17,1276
959,4,6/18/17,6/21/17,6/21/17,650
960,4,6/18/17,6/19/17,6/19/17,1390
961,4,6/19/17,6/21/17,6/22/17,82
962,4,6/19/17,6/22/17,6/20/17,570
963,4,6/19/17,6/21/17,6/21/17,1432
964,4,6/20/17,6/22/17,6/22/17,404
965,4,6/20/17,6/22/17,6/23/17,457
966,4,6/20/17,6/22/17,6/22/17,389
967,4,6/21/17,6/24/17,6/24/17,1323
968,4,6/21/17,6/23/17,6/23/17,1403
969,4,6/21/17,6/24/17,6/22/17,248
970,4,6/22/17,6/25/17,6/23/17,836
971,4,6/22/17,6/23/17,6/24/17,1426
972,4,6/23/17,6/24/17,6/25/17,270
973,4,6/24/17,6/27/17,6/27/17,238
974,4,6/24/17,6/27/17,6/27/17,511
975,4,6/25/17,6/27/17,6/28/17,1092
976,4,6/25/17,6/28/17,6/27/17,1266
977,4,6/26/17,6/28/17,6/27/17,400
978,4,6/26/17,6/28/17,6/27/17,1123
979,4,6/26/17,6/29/17,6/27/17,1190
980,4,6/26/17,6/28/17,6/27/17,328
981,4,6/26/17,6/29/17,6/28/17,687
982,4,6/26/17,6/29/17,6/28/17,1423
983,4,6/27/17,6/28/17,6/29/17,1158
984,4,6/27/17,6/28/17,6/29/17,1287
985,4,6/30/17,7/2/17,7/1/17,461
986,4,6/30/17,7/3/17,7/1/17,556
987,4,7/2/17,7/4/17,7/4/17,172
988,4,7/2/17,7/4/17,7/5/17,436
989,4,7/2/17,7/4/17,7/3/17,1145
990,4,7/4/17,7/7/17,7/7/17,706
991,4,7/6/17,7/7/17,7/9/17,751
992,4,7/7/17,7/10/17,7/9/17,723
993,4,7/9/17,7/11/17,7/11/17,1415
994,4,7/9/17,7/11/17,7/11/17,419
995,4,7/11/17,7/13/17,7/14/17,621
996,4,7/11/17,7/12/17,7/12/17,915
997,4,7/11/17,7/13/17,7/14/17,485
998,4,7/12/17,7/13/17,7/14/17,219
999,4,7/12/17,7/13/17,7/14/17,590
1000,4,7/12/17,7/14/17,7/15/17,645
1001,4,7/13/17,7/16/17,7/15/17,354
1002,4,7/14/17,7/16/17,7/16/17,1418
1003,4,7/14/17,7/16/17,7/16/17,503
1004,4,7/14/17,7/17/17,7/16/17,1389
1005,4,7/15/17,7/17/17,7/16/17,266
1006,4,7/15/17,7/18/17,7/17/17,1070
1007,4,7/16/17,7/17/17,7/17/17,1115
1008,4,7/16/17,7/18/17,7/18/17,1345
1009,4,7/16/17,7/19/17,7/19/17,1064
1010,3,7/18/17,7/18/17,NULL,8
1011,4,7/18/17,7/21/17,7/21/17,495
1012,4,7/18/17,7/20/17,7/20/17,620
1013,4,7/19/17,7/22/17,7/21/17,174
1014,4,7/19/17,7/21/17,7/21/17,748
1015,4,7/19/17,7/22/17,7/21/17,799
1016,4,7/19/17,7/20/17,7/21/17,1417
1017,4,7/20/17,7/21/17,7/23/17,168
1018,4,7/22/17,7/23/17,7/23/17,290
1019,4,7/22/17,7/23/17,7/24/17,408
1020,3,7/23/17,7/23/17,NULL,16
1021,4,7/23/17,7/24/17,7/26/17,125
1022,4,7/23/17,7/26/17,7/24/17,353
1023,4,7/23/17,7/26/17,7/25/17,356
1024,4,7/23/17,7/25/17,7/26/17,837
1025,4,7/23/17,7/26/17,7/26/17,1304
1026,4,7/26/17,7/28/17,7/29/17,1370
1027,4,7/26/17,7/28/17,7/28/17,588
1028,4,7/27/17,7/28/17,7/30/17,1273
1029,4,7/29/17,7/30/17,8/1/17,407
1030,4,7/29/17,7/30/17,7/31/17,161
1031,4,7/30/17,8/1/17,8/2/17,1308
1032,4,7/30/17,8/2/17,8/1/17,429
1033,4,7/30/17,7/31/17,8/2/17,582
1034,4,7/30/17,7/31/17,7/31/17,895
1035,4,7/30/17,8/2/17,8/2/17,1283
1036,4,7/30/17,8/1/17,7/31/17,1442
1037,4,7/31/17,8/2/17,8/3/17,1229
1038,4,7/31/17,8/1/17,8/3/17,1281
1039,4,8/2/17,8/4/17,8/3/17,1077
1040,4,8/4/17,8/7/17,8/5/17,1225
1041,4,8/4/17,8/6/17,8/5/17,70
1042,4,8/6/17,8/7/17,8/7/17,539
1043,4,8/6/17,8/9/17,8/8/17,1235
1044,4,8/7/17,8/10/17,8/8/17,1270
1045,4,8/7/17,8/9/17,8/10/17,185
1046,4,8/7/17,8/9/17,8/8/17,1134
1047,3,8/8/17,8/8/17,NULL,116
1048,4,8/8/17,8/10/17,8/9/17,777
1049,4,8/9/17,8/11/17,8/10/17,194
1050,4,8/9/17,8/12/17,8/12/17,239
1051,4,8/10/17,8/11/17,8/11/17,209
1052,4,8/10/17,8/12/17,8/13/17,460
1053,4,8/10/17,8/11/17,8/12/17,1439
1054,4,8/11/17,8/12/17,8/12/17,189
1055,4,8/12/17,8/15/17,8/15/17,140
1056,4,8/12/17,8/15/17,8/13/17,325
1057,4,8/12/17,8/15/17,8/13/17,456
1058,4,8/13/17,8/16/17,8/14/17,782
1059,4,8/14/17,8/17/17,8/17/17,6
1060,4,8/15/17,8/18/17,8/17/17,182
1061,4,8/15/17,8/18/17,8/18/17,655
1062,4,8/15/17,8/17/17,8/18/17,1210
1063,4,8/16/17,8/19/17,8/19/17,198
1064,4,8/16/17,8/18/17,8/19/17,898
1065,4,8/17/17,8/19/17,8/19/17,25
1066,4,8/17/17,8/20/17,8/19/17,106
1067,4,8/17/17,8/19/17,8/19/17,225
1068,4,8/17/17,8/20/17,8/19/17,453
1069,4,8/17/17,8/19/17,8/18/17,493
1070,4,8/17/17,8/20/17,8/18/17,596
1071,4,8/17/17,8/20/17,8/18/17,602
1072,3,8/18/17,8/18/17,NULL,47
1073,4,8/18/17,8/19/17,8/21/17,911
1074,3,8/19/17,8/19/17,NULL,11
1075,4,8/19/17,8/21/17,8/22/17,1003
1076,4,8/19/17,8/22/17,8/22/17,42
1077,4,8/19/17,8/20/17,8/21/17,412
1078,4,8/19/17,8/21/17,8/20/17,793
1079,4,8/19/17,8/20/17,8/20/17,812
1080,4,8/19/17,8/20/17,8/20/17,1086
1081,4,8/19/17,8/22/17,8/22/17,1106
1082,4,8/20/17,8/22/17,8/21/17,1327
1083,4,8/20/17,8/23/17,8/23/17,1372
1084,4,8/21/17,8/24/17,8/23/17,2
1085,4,8/21/17,8/23/17,8/23/17,305
1086,4,8/21/17,8/23/17,8/24/17,220
1087,4,8/22/17,8/23/17,8/25/17,675
1088,4,8/22/17,8/23/17,8/23/17,1160
1089,3,8/23/17,8/23/17,NULL,46
1090,4,8/24/17,8/26/17,8/26/17,1427
1091,4,8/24/17,8/25/17,8/25/17,1260
1092,4,8/25/17,8/28/17,8/27/17,40
1093,4,8/25/17,8/28/17,8/26/17,326
1094,4,8/25/17,8/27/17,8/28/17,828
1095,4,8/26/17,8/28/17,8/27/17,1382
1096,4,8/27/17,8/29/17,8/29/17,589
1097,4,8/27/17,8/30/17,8/28/17,1311
1098,4,8/28/17,8/30/17,8/30/17,752
1099,4,8/28/17,8/29/17,8/30/17,1128
1100,4,8/28/17,8/29/17,8/29/17,1392
1101,4,8/29/17,8/30/17,8/30/17,379
1102,4,8/29/17,8/31/17,8/31/17,1317
1103,4,8/31/17,9/2/17,9/2/17,1394
1104,4,9/1/17,9/4/17,9/3/17,268
1105,4,9/1/17,9/4/17,9/3/17,747
1106,4,9/2/17,9/4/17,9/4/17,1009
1107,4,9/2/17,9/5/17,9/5/17,1424
1108,4,9/3/17,9/5/17,9/4/17,735
1109,4,9/3/17,9/4/17,9/4/17,23
1110,4,9/4/17,9/7/17,9/7/17,912
1111,4,9/4/17,9/6/17,9/5/17,930
1112,4,9/5/17,9/8/17,9/7/17,798
1113,4,9/6/17,9/8/17,9/7/17,388
1114,4,9/6/17,9/8/17,9/8/17,1036
1115,4,9/7/17,9/9/17,9/9/17,1100
1116,4,9/8/17,9/10/17,9/10/17,52
1117,4,9/8/17,9/10/17,9/10/17,334
1118,4,9/8/17,9/11/17,9/11/17,1023
1119,4,9/10/17,9/12/17,9/13/17,749
1120,4,9/10/17,9/12/17,9/13/17,1269
1121,4,9/11/17,9/13/17,9/12/17,143
1122,4,9/12/17,9/14/17,9/14/17,1132
1123,4,9/13/17,9/14/17,9/14/17,598
1124,4,9/13/17,9/14/17,9/16/17,275
1125,4,9/14/17,9/15/17,9/15/17,945
1126,4,9/14/17,9/16/17,9/15/17,1213
1127,4,9/15/17,9/16/17,9/16/17,494
1128,4,9/15/17,9/17/17,9/16/17,936
1129,4,9/17/17,9/18/17,9/20/17,663
1130,4,9/18/17,9/20/17,9/20/17,69
1131,4,9/18/17,9/20/17,9/19/17,1178
1132,4,9/19/17,9/20/17,9/20/17,351
1133,4,9/19/17,9/21/17,9/21/17,517
1134,4,9/19/17,9/22/17,9/20/17,978
1135,4,9/19/17,9/21/17,9/20/17,1347
1136,4,9/20/17,9/21/17,9/21/17,1050
1137,4,9/20/17,9/23/17,9/23/17,810
1138,4,9/21/17,9/23/17,9/22/17,254
1139,4,9/21/17,9/22/17,9/23/17,1006
1140,4,9/21/17,9/22/17,9/22/17,1063
1141,4,9/22/17,9/23/17,9/24/17,1076
1142,4,9/23/17,9/26/17,9/26/17,554
1143,4,9/24/17,9/26/17,9/27/17,1087
1144,4,9/24/17,9/27/17,9/27/17,1414
1145,4,9/25/17,9/27/17,9/26/17,617
1146,4,9/25/17,9/26/17,9/28/17,757
1147,4,9/25/17,9/26/17,9/27/17,1344
1148,4,9/25/17,9/26/17,9/27/17,1379
1149,4,9/27/17,9/30/17,9/30/17,787
1150,4,9/28/17,10/1/17,9/30/17,1183
1151,4,9/29/17,9/30/17,9/30/17,708
1152,4,9/29/17,10/2/17,10/1/17,1244
1153,4,9/30/17,10/3/17,10/3/17,720
1154,4,9/30/17,10/3/17,10/3/17,789
1155,4,9/30/17,10/1/17,10/1/17,865
1156,4,9/30/17,10/3/17,10/3/17,869
1157,4,10/1/17,10/3/17,10/4/17,24
1158,4,10/1/17,10/3/17,10/2/17,889
1159,4,10/1/17,10/2/17,10/3/17,1221
1160,4,10/1/17,10/2/17,10/4/17,1262
1161,4,10/1/17,10/4/17,10/2/17,41
1162,4,10/1/17,10/3/17,10/3/17,888
1163,4,10/1/17,10/2/17,10/2/17,934
1164,4,10/1/17,10/2/17,10/3/17,1067
1165,4,10/2/17,10/3/17,10/5/17,652
1166,4,10/3/17,10/4/17,10/4/17,286
1167,4,10/4/17,10/7/17,10/6/17,900
1168,4,10/4/17,10/5/17,10/6/17,1031
1169,4,10/4/17,10/6/17,10/7/17,1421
1170,4,10/5/17,10/7/17,10/6/17,534
1171,4,10/5/17,10/6/17,10/8/17,826
1172,4,10/7/17,10/10/17,10/9/17,1339
1173,4,10/8/17,10/10/17,10/9/17,548
1174,4,10/8/17,10/10/17,10/11/17,1109
1175,4,10/9/17,10/11/17,10/12/17,292
1176,4,10/10/17,10/13/17,10/11/17,1111
1177,3,10/12/17,10/12/17,NULL,21
1178,4,10/12/17,10/15/17,10/13/17,771
1179,4,10/12/17,10/15/17,10/15/17,1150
1180,4,10/13/17,10/16/17,10/16/17,1065
1181,4,10/13/17,10/16/17,10/15/17,1022
1182,4,10/13/17,10/14/17,10/16/17,1422
1183,4,10/14/17,10/17/17,10/17/17,216
1184,4,10/14/17,10/15/17,10/16/17,369
1185,4,10/14/17,10/16/17,10/17/17,960
1186,4,10/14/17,10/16/17,10/15/17,1120
1187,4,10/15/17,10/18/17,10/16/17,486
1188,4,10/15/17,10/18/17,10/17/17,647
1189,4,10/15/17,10/17/17,10/18/17,1090
1190,4,10/16/17,10/19/17,10/17/17,34
1191,4,10/17/17,10/18/17,10/18/17,186
1192,4,10/17/17,10/19/17,10/18/17,1114
1193,4,10/17/17,10/19/17,10/19/17,1412
1194,4,10/19/17,10/22/17,10/22/17,192
1195,4,10/19/17,10/21/17,10/21/17,229
1196,4,10/19/17,10/21/17,10/20/17,508
1197,4,10/21/17,10/23/17,10/23/17,269
1198,4,10/22/17,10/24/17,10/24/17,1289
1199,4,10/23/17,10/24/17,10/26/17,318
1200,4,10/23/17,10/25/17,10/26/17,48
1201,4,10/23/17,10/24/17,10/24/17,201
1202,4,10/24/17,10/25/17,10/25/17,593
1203,4,10/25/17,10/27/17,10/26/17,1191
1204,4,10/25/17,10/28/17,10/28/17,1277
1205,4,10/26/17,10/28/17,10/28/17,1091
1206,4,10/26/17,10/29/17,10/29/17,222
1207,4,10/26/17,10/28/17,10/27/17,1002
1208,4,10/26/17,10/28/17,10/27/17,1226
1209,4,10/26/17,10/27/17,10/29/17,1342
1210,4,10/26/17,10/27/17,10/29/17,730
1211,4,10/27/17,10/28/17,10/29/17,19
1212,4,10/27/17,10/30/17,10/29/17,213
1213,4,10/27/17,10/29/17,10/29/17,669
1214,4,10/28/17,10/29/17,10/29/17,783
1215,4,10/28/17,10/31/17,10/30/17,807
1216,4,10/28/17,10/30/17,10/29/17,886
1217,4,10/28/17,10/31/17,10/30/17,1155
1218,4,10/30/17,11/1/17,10/31/17,1017
1219,4,10/30/17,11/2/17,11/2/17,840
1220,4,10/31/17,11/3/17,11/3/17,803
1221,4,10/31/17,11/2/17,11/1/17,1290
1222,4,11/1/17,11/4/17,11/3/17,482
1223,4,11/2/17,11/3/17,11/3/17,1207
1224,4,11/3/17,11/4/17,11/4/17,544
1225,4,11/4/17,11/5/17,11/7/17,768
1226,4,11/4/17,11/7/17,11/6/17,226
1227,4,11/4/17,11/7/17,11/6/17,702
1228,4,11/4/17,11/6/17,11/6/17,1041
1229,4,11/5/17,11/8/17,11/6/17,89
1230,4,11/5/17,11/6/17,11/7/17,1107
1231,4,11/5/17,11/7/17,11/6/17,1180
1232,4,11/6/17,11/7/17,11/9/17,665
1233,4,11/6/17,11/7/17,11/8/17,462
1234,3,11/7/17,11/7/17,NULL,19
1235,4,11/7/17,11/8/17,11/9/17,210
1236,4,11/8/17,11/11/17,11/9/17,243
1237,4,11/9/17,11/12/17,11/11/17,571
1238,4,11/9/17,11/10/17,11/11/17,998
1239,4,11/9/17,11/10/17,11/11/17,1197
1240,4,11/10/17,11/11/17,11/11/17,903
1241,4,11/10/17,11/12/17,11/11/17,1170
1242,4,11/11/17,11/12/17,11/12/17,303
1243,4,11/11/17,11/13/17,11/14/17,346
1244,4,11/12/17,11/14/17,11/13/17,333
1245,4,11/13/17,11/16/17,11/14/17,1166
1246,4,11/13/17,11/16/17,11/16/17,1329
1247,4,11/16/17,11/18/17,11/17/17,426
1248,4,11/16/17,11/17/17,11/18/17,1367
1249,4,11/17/17,11/18/17,11/20/17,545
1250,4,11/17/17,11/19/17,11/18/17,1188
1251,4,11/17/17,11/19/17,11/19/17,289
1252,4,11/18/17,11/20/17,11/21/17,110
1253,4,11/18/17,11/21/17,11/21/17,44
1254,4,11/18/17,11/19/17,11/19/17,1098
1255,4,11/19/17,11/20/17,11/21/17,375
1256,4,11/19/17,11/20/17,11/22/17,458
1257,4,11/19/17,11/22/17,11/20/17,1136
1258,4,11/20/17,11/21/17,11/22/17,1099
1259,3,11/21/17,11/21/17,NULL,4
1260,4,11/22/17,11/23/17,11/24/17,1117
1261,4,11/23/17,11/25/17,11/24/17,435
1262,4,11/23/17,11/26/17,11/26/17,509
1263,4,11/23/17,11/26/17,11/26/17,1408
1264,4,11/24/17,11/27/17,11/25/17,113
1265,4,11/24/17,11/27/17,11/27/17,950
1266,4,11/25/17,11/28/17,11/27/17,387
1267,4,11/25/17,11/26/17,11/26/17,467
1268,4,11/26/17,11/28/17,11/29/17,774
1269,4,11/26/17,11/29/17,11/29/17,1236
1270,4,11/26/17,11/29/17,11/29/17,1388
1271,4,11/27/17,11/30/17,11/30/17,734
1272,4,11/27/17,11/29/17,11/30/17,935
1273,4,11/27/17,11/29/17,11/29/17,1268
1274,4,11/28/17,11/29/17,12/1/17,1364
1275,4,11/29/17,12/1/17,11/30/17,165
1276,4,11/30/17,12/3/17,12/2/17,893
1277,4,12/1/17,12/4/17,12/2/17,227
1278,4,12/1/17,12/2/17,12/4/17,980
1279,4,12/1/17,12/4/17,12/3/17,1014
1280,4,12/1/17,12/3/17,12/3/17,123
1281,4,12/2/17,12/5/17,12/5/17,1060
1282,4,12/3/17,12/5/17,12/5/17,320
1283,4,12/4/17,12/7/17,12/7/17,85
1284,4,12/4/17,12/6/17,12/7/17,128
1285,4,12/4/17,12/7/17,12/7/17,262
1286,4,12/4/17,12/7/17,12/6/17,1033
1287,4,12/7/17,12/10/17,12/9/17,279
1288,4,12/7/17,12/10/17,12/9/17,778
1289,4,12/8/17,12/11/17,12/10/17,1292
1290,4,12/8/17,12/10/17,12/10/17,967
1291,4,12/9/17,12/11/17,12/12/17,1284
1292,4,12/10/17,12/13/17,12/11/17,285
1293,4,12/10/17,12/12/17,12/11/17,1401
1294,4,12/11/17,12/13/17,12/14/17,947
1295,4,12/11/17,12/12/17,12/14/17,37
1296,4,12/14/17,12/17/17,12/15/17,231
1297,4,12/14/17,12/17/17,12/16/17,108
1298,4,12/14/17,12/17/17,12/16/17,533
1299,4,12/15/17,12/18/17,12/16/17,1216
1300,4,12/15/17,12/17/17,12/17/17,824
1301,4,12/16/17,12/19/17,12/19/17,1088
1302,4,12/16/17,12/18/17,12/19/17,322
1303,4,12/16/17,12/19/17,12/18/17,878
1304,4,12/16/17,12/17/17,12/17/17,1409
1305,4,12/17/17,12/19/17,12/18/17,257
1306,4,12/20/17,12/21/17,12/22/17,28
1307,4,12/22/17,12/23/17,12/25/17,1384
1308,4,12/22/17,12/24/17,12/24/17,713
1309,4,12/22/17,12/25/17,12/24/17,821
1310,4,12/24/17,12/25/17,12/26/17,444
1311,4,12/24/17,12/26/17,12/27/17,1021
1312,4,12/25/17,12/28/17,12/26/17,311
1313,4,12/25/17,12/27/17,12/27/17,1294
1314,4,12/25/17,12/26/17,12/28/17,1027
1315,4,12/25/17,12/27/17,12/28/17,931
1316,4,12/26/17,12/29/17,12/27/17,846
1317,4,12/27/17,12/28/17,12/29/17,418
1318,4,12/27/17,12/30/17,12/29/17,75
1319,4,12/27/17,12/30/17,12/30/17,604
1320,4,12/28/17,12/30/17,12/29/17,244
1321,4,12/30/17,12/31/17,12/31/17,217
1322,4,12/31/17,1/3/18,1/2/18,39
1323,4,12/31/17,1/1/18,1/1/18,273
1324,4,1/1/18,1/4/18,1/3/18,862
1325,4,1/1/18,1/2/18,1/3/18,68
1326,4,1/1/18,1/3/18,1/2/18,567
1327,4,1/2/18,1/3/18,1/5/18,1026
1328,4,1/2/18,1/3/18,1/3/18,1083
1329,4,1/4/18,1/5/18,1/6/18,443
1330,4,1/4/18,1/5/18,1/7/18,761
1331,4,1/5/18,1/6/18,1/8/18,1122
1332,4,1/6/18,1/7/18,1/9/18,256
1333,4,1/6/18,1/7/18,1/7/18,203
1334,4,1/7/18,1/9/18,1/10/18,425
1335,4,1/7/18,1/8/18,1/8/18,955
1336,4,1/9/18,1/10/18,1/12/18,904
1337,4,1/9/18,1/12/18,1/12/18,970
1338,4,1/10/18,1/11/18,1/13/18,905
1339,4,1/11/18,1/14/18,1/13/18,580
1340,4,1/12/18,1/13/18,1/13/18,1066
1341,4,1/12/18,1/13/18,1/14/18,1258
1342,4,1/12/18,1/13/18,1/15/18,1393
1343,4,1/13/18,1/15/18,1/14/18,594
1344,4,1/13/18,1/16/18,1/15/18,916
1345,4,1/14/18,1/15/18,1/15/18,1037
1346,4,1/14/18,1/15/18,1/15/18,136
1347,4,1/15/18,1/18/18,1/18/18,247
1348,4,1/15/18,1/17/18,1/17/18,1214
1349,4,1/15/18,1/17/18,1/16/18,464
1350,4,1/15/18,1/18/18,1/17/18,637
1351,4,1/16/18,1/19/18,1/19/18,1016
1352,4,1/16/18,1/18/18,1/18/18,1433
1353,4,1/17/18,1/19/18,1/18/18,502
1354,4,1/19/18,1/20/18,1/21/18,476
1355,4,1/19/18,1/21/18,1/20/18,1010
1356,4,1/19/18,1/21/18,1/22/18,1161
1357,4,1/20/18,1/23/18,1/21/18,440
1358,4,1/21/18,1/23/18,1/24/18,253
1359,4,1/21/18,1/22/18,1/22/18,1008
1360,4,1/22/18,1/25/18,1/24/18,71
1361,4,1/22/18,1/24/18,1/23/18,1084
1362,4,1/23/18,1/24/18,1/25/18,310
1363,4,1/24/18,1/25/18,1/25/18,860
1364,4,1/25/18,1/28/18,1/28/18,122
1365,4,1/25/18,1/28/18,1/27/18,689
1366,4,1/26/18,1/27/18,1/28/18,1441
1367,4,1/27/18,1/28/18,1/28/18,1118
1368,4,1/27/18,1/28/18,1/29/18,765
1369,4,1/28/18,1/30/18,1/30/18,92
1370,4,1/28/18,1/29/18,1/29/18,115
1371,4,1/29/18,1/30/18,2/1/18,937
1372,4,1/29/18,2/1/18,1/30/18,1013
1373,4,1/29/18,1/31/18,1/31/18,427
1374,4,1/30/18,2/1/18,2/1/18,1330
1375,4,1/30/18,2/1/18,2/1/18,312
1376,4,2/1/18,2/2/18,2/3/18,1186
1377,4,2/1/18,2/3/18,2/3/18,1007
1378,4,2/2/18,2/5/18,2/4/18,983
1379,4,2/2/18,2/5/18,2/5/18,1256
1380,4,2/5/18,2/8/18,2/8/18,818
1381,4,2/5/18,2/6/18,2/8/18,680
1382,4,2/6/18,2/9/18,2/8/18,1303
1383,4,2/7/18,2/8/18,2/8/18,488
1384,4,2/8/18,2/10/18,2/9/18,1126
1385,4,2/8/18,2/11/18,2/9/18,866
1386,4,2/9/18,2/10/18,2/11/18,1254
1387,4,2/9/18,2/11/18,2/11/18,11
1388,4,2/9/18,2/12/18,2/12/18,323
1389,4,2/11/18,2/12/18,2/14/18,491
1390,4,2/12/18,2/13/18,2/13/18,63
1391,4,2/13/18,2/14/18,2/14/18,914
1392,4,2/13/18,2/14/18,2/14/18,1187
1393,4,2/14/18,2/15/18,2/15/18,547
1394,4,2/14/18,2/16/18,2/16/18,906
1395,4,2/15/18,2/18/18,2/16/18,1052
1396,4,2/15/18,2/18/18,2/16/18,856
1397,4,2/15/18,2/17/18,2/16/18,920
1398,4,2/16/18,2/19/18,2/19/18,1383
1399,4,2/16/18,2/18/18,2/18/18,146
1400,4,2/17/18,2/18/18,2/18/18,987
1401,4,2/18/18,2/19/18,2/20/18,15
1402,4,2/19/18,2/21/18,2/21/18,1171
1403,4,2/21/18,2/22/18,2/22/18,452
1404,4,2/23/18,2/26/18,2/24/18,1240
1405,4,2/25/18,2/28/18,2/27/18,100
1406,4,2/25/18,2/27/18,2/27/18,1053
1407,3,2/26/18,2/26/18,NULL,18
1408,4,2/26/18,2/27/18,3/1/18,1172
1409,4,2/26/18,2/28/18,2/28/18,21
1410,4,2/27/18,2/28/18,2/28/18,1005
1411,4,3/1/18,3/2/18,3/2/18,109
1412,4,3/1/18,3/2/18,3/4/18,1043
1413,4,3/1/18,3/3/18,3/4/18,56
1414,4,3/3/18,3/5/18,3/6/18,293
1415,4,3/3/18,3/4/18,3/5/18,839
1416,4,3/3/18,3/4/18,3/6/18,566
1417,4,3/4/18,3/6/18,3/7/18,300
1418,4,3/4/18,3/5/18,3/7/18,364
1419,4,3/4/18,3/7/18,3/7/18,474
1420,4,3/4/18,3/5/18,3/7/18,838
1421,4,3/5/18,3/7/18,3/7/18,1176
1422,4,3/5/18,3/6/18,3/8/18,599
1423,4,3/6/18,3/7/18,3/7/18,1231
1424,4,3/7/18,3/10/18,3/10/18,1445
1425,4,3/7/18,3/9/18,3/9/18,126
1426,4,3/7/18,3/8/18,3/10/18,938
1427,4,3/7/18,3/8/18,3/8/18,999
1428,4,3/8/18,3/10/18,3/11/18,195
1429,4,3/8/18,3/9/18,3/9/18,1116
1430,4,3/10/18,3/13/18,3/11/18,1239
1431,4,3/11/18,3/12/18,3/14/18,308
1432,4,3/11/18,3/12/18,3/14/18,483
1433,4,3/11/18,3/13/18,3/12/18,1142
1434,4,3/14/18,3/16/18,3/16/18,595
1435,4,3/14/18,3/15/18,3/16/18,744
1436,4,3/14/18,3/17/18,3/16/18,1044
1437,4,3/15/18,3/16/18,3/16/18,518
1438,4,3/15/18,3/17/18,3/16/18,263
1439,4,3/15/18,3/16/18,3/17/18,463
1440,4,3/15/18,3/18/18,3/16/18,859
1441,4,3/15/18,3/16/18,3/18/18,982
1442,4,3/16/18,3/17/18,3/17/18,478
1443,4,3/16/18,3/17/18,3/17/18,972
1444,4,3/16/18,3/17/18,3/19/18,1154
1445,4,3/17/18,3/18/18,3/20/18,515
1446,4,3/17/18,3/18/18,3/18/18,820
1447,4,3/18/18,3/20/18,3/20/18,1419
1448,4,3/18/18,3/19/18,3/21/18,228
1449,4,3/18/18,3/19/18,3/20/18,330
1450,4,3/19/18,3/20/18,3/22/18,296
1451,4,3/19/18,3/22/18,3/20/18,822
1452,4,3/20/18,3/23/18,3/23/18,287
1453,4,3/20/18,3/23/18,3/22/18,601
1454,4,3/20/18,3/21/18,3/22/18,395
1455,4,3/20/18,3/22/18,3/21/18,405
1456,4,3/20/18,3/21/18,3/23/18,754
1457,4,3/20/18,3/23/18,3/23/18,1411
1458,4,3/20/18,3/22/18,3/21/18,1029
1459,4,3/21/18,3/22/18,3/22/18,9
1460,4,3/21/18,3/23/18,3/23/18,1131
1461,4,3/22/18,3/25/18,3/23/18,139
1462,4,3/22/18,3/24/18,3/24/18,1101
1463,4,3/23/18,3/24/18,3/24/18,692
1464,4,3/24/18,3/25/18,3/25/18,1279
1465,4,3/25/18,3/28/18,3/28/18,623
1466,4,3/26/18,3/29/18,3/28/18,738
1467,4,3/26/18,3/27/18,3/29/18,152
1468,4,3/27/18,3/30/18,3/29/18,3
1469,4,3/27/18,3/28/18,3/30/18,1135
1470,4,3/28/18,3/31/18,3/31/18,505
1471,4,3/28/18,3/30/18,3/29/18,1310
1472,4,3/29/18,3/30/18,3/31/18,114
1473,4,3/30/18,4/1/18,4/2/18,302
1474,4,3/30/18,4/1/18,4/2/18,816
1475,4,3/30/18,4/1/18,3/31/18,112
1476,4,3/31/18,4/1/18,4/1/18,35
1477,4,3/31/18,4/3/18,4/1/18,180
1478,4,3/31/18,4/2/18,4/2/18,392
1479,2,4/1/18,4/1/18,NULL,23
1480,2,4/1/18,4/1/18,NULL,27
1481,1,4/1/18,4/1/18,NULL,62
1482,1,4/1/18,4/1/18,NULL,94
1483,1,4/2/18,4/2/18,NULL,15
1484,2,4/2/18,4/2/18,NULL,35
1485,2,4/2/18,4/2/18,NULL,51
1486,2,4/2/18,4/2/18,NULL,84
1487,1,4/3/18,4/3/18,NULL,33
1488,2,4/3/18,4/3/18,NULL,181
1489,1,4/3/18,4/3/18,NULL,194
1490,2,4/3/18,4/3/18,NULL,217
1491,1,4/4/18,4/4/18,NULL,82
1492,1,4/4/18,4/4/18,NULL,41
1493,2,4/4/18,4/4/18,NULL,64
1494,2,4/5/18,4/5/18,NULL,69
1495,2,4/5/18,4/5/18,NULL,86
1496,1,4/6/18,4/6/18,NULL,3
1497,2,4/6/18,4/6/18,NULL,31
1498,1,4/6/18,4/6/18,NULL,81
1499,2,4/6/18,4/6/18,NULL,120
1500,2,4/6/18,4/6/18,NULL,151
1501,1,4/6/18,4/6/18,NULL,52
1502,2,4/6/18,4/6/18,NULL,83
1503,2,4/7/18,4/7/18,NULL,208
1504,2,4/8/18,4/8/18,NULL,237
1505,1,4/8/18,4/8/18,NULL,22
1506,1,4/8/18,4/8/18,NULL,75
1507,2,4/8/18,4/8/18,NULL,85
1508,2,4/8/18,4/8/18,NULL,92
1509,1,4/9/18,4/9/18,NULL,2
1510,2,4/9/18,4/9/18,NULL,16
1511,1,4/9/18,4/9/18,NULL,25
1512,1,4/9/18,4/9/18,NULL,68
1513,2,4/10/18,4/10/18,NULL,32
1514,2,4/10/18,4/10/18,NULL,87
1515,1,4/10/18,4/10/18,NULL,61
1516,2,4/11/18,4/11/18,NULL,47
1517,1,4/11/18,4/11/18,NULL,97
1518,1,4/11/18,4/11/18,NULL,175
1519,2,4/11/18,4/11/18,NULL,26
1520,2,4/11/18,4/11/18,NULL,66
1521,1,4/12/18,4/12/18,NULL,53
1522,1,4/12/18,4/12/18,NULL,78
1523,1,4/12/18,4/12/18,NULL,8
1524,1,4/12/18,4/12/18,NULL,37
1525,2,4/12/18,4/12/18,NULL,38
1526,2,4/12/18,4/12/18,NULL,59
1527,2,4/12/18,4/12/18,NULL,13
1528,1,4/12/18,4/12/18,NULL,20
1529,1,4/12/18,4/12/18,NULL,50
1530,1,4/13/18,4/13/18,NULL,110
1531,1,4/13/18,4/13/18,NULL,233
1532,2,4/13/18,4/13/18,NULL,7
1533,2,4/13/18,4/13/18,NULL,28
1534,2,4/14/18,4/14/18,NULL,18
1535,2,4/14/18,4/14/18,NULL,19
1536,2,4/14/18,4/14/18,NULL,34
1537,1,4/15/18,4/15/18,NULL,36
1538,2,4/15/18,4/15/18,NULL,79
1539,1,4/15/18,4/15/18,NULL,116
1540,1,4/16/18,4/16/18,NULL,187
1541,2,4/16/18,4/16/18,NULL,10
1542,2,4/16/18,4/16/18,NULL,58
1543,1,4/16/18,4/16/18,NULL,76
1544,1,4/17/18,4/17/18,NULL,5
1545,1,4/17/18,4/17/18,NULL,67
1546,2,4/17/18,4/17/18,NULL,91
1547,1,4/17/18,4/17/18,NULL,169
1548,1,4/17/18,4/17/18,NULL,170
1549,1,4/17/18,4/17/18,NULL,17
1550,1,4/17/18,4/17/18,NULL,39
1551,1,4/17/18,4/17/18,NULL,70
1552,1,4/17/18,4/17/18,NULL,73
1553,2,4/18/18,4/18/18,NULL,30
1554,1,4/18/18,4/18/18,NULL,172
1555,1,4/18/18,4/18/18,NULL,1
1556,2,4/18/18,4/18/18,NULL,4
1557,2,4/19/18,4/19/18,NULL,121
1558,1,4/19/18,4/19/18,NULL,63
1559,2,4/20/18,4/20/18,NULL,42
1560,1,4/20/18,4/20/18,NULL,57
1561,2,4/20/18,4/20/18,NULL,65
1562,1,4/20/18,4/20/18,NULL,88
1563,2,4/20/18,4/20/18,NULL,77
1564,1,4/21/18,4/21/18,NULL,46
1565,2,4/21/18,4/21/18,NULL,60
1566,1,4/21/18,4/21/18,NULL,72
1567,2,4/21/18,4/21/18,NULL,89
1568,2,4/21/18,4/21/18,NULL,192
1569,2,4/22/18,4/22/18,NULL,29
1570,2,4/22/18,4/22/18,NULL,54
1571,1,4/22/18,4/22/18,NULL,80
1572,1,4/22/18,4/22/18,NULL,14
1573,2,4/23/18,4/23/18,NULL,24
1574,1,4/23/18,4/23/18,NULL,124
1575,2,4/23/18,4/23/18,NULL,224
1576,2,4/23/18,4/23/18,NULL,12
1577,1,4/23/18,4/23/18,NULL,48
1578,2,4/23/18,4/23/18,NULL,93
1579,2,4/24/18,4/24/18,NULL,104
1580,2,4/24/18,4/24/18,NULL,191
1581,2,4/25/18,4/25/18,NULL,188
1582,1,4/25/18,4/25/18,NULL,240
1583,1,4/25/18,4/25/18,NULL,44
1584,2,4/26/18,4/26/18,NULL,109
1585,1,4/26/18,4/26/18,NULL,157
1586,1,4/26/18,4/26/18,NULL,176
1587,2,4/26/18,4/26/18,NULL,231
1588,1,4/26/18,4/26/18,NULL,11
1589,2,4/27/18,4/27/18,NULL,40
1590,1,4/27/18,4/27/18,NULL,138
1591,2,4/27/18,4/27/18,NULL,165
1592,2,4/27/18,4/27/18,NULL,6
1593,1,4/27/18,4/27/18,NULL,9
1594,1,4/28/18,4/28/18,NULL,45
1595,2,4/28/18,4/28/18,NULL,71
1596,2,4/28/18,4/28/18,NULL,21
1597,1,4/28/18,4/28/18,NULL,56
1598,2,4/29/18,4/29/18,NULL,239
1599,1,4/29/18,4/29/18,NULL,49
1600,1,4/29/18,4/29/18,NULL,90
1601,1,4/29/18,4/29/18,NULL,43
1602,1,4/30/18,4/30/18,NULL,55
1603,2,4/30/18,4/30/18,NULL,74
1604,3,6/17/18,6/17/18,NULL,7
1605,3,7/1/18,7/1/18,NULL,123
1606,3,7/10/18,7/10/18,NULL,119
1607,3,7/11/18,7/11/18,NULL,33
1608,3,7/12/18,7/12/18,NULL,53
1609,3,8/23/18,8/23/18,NULL,10
1610,3,8/25/18,8/25/18,NULL,15
1611,3,9/6/18,9/6/18,NULL,6
1612,3,10/21/18,10/21/18,NULL,3
1613,3,11/18/18,11/18/18,NULL,1
1614,3,11/28/18,11/28/18,NULL,135
1615,3,12/28/18,12/28/18,NULL,136